{
    "Particles": {
        "ShowParticles": false,
        "ParticleSize": 2,
        "ParticleColor": {
            "r": 0.138274148106575,
            "g": 0.24516132473945619,
            "b": 0.5337873101234436,
            "a": 0.007843137718737126
        },
        "ParticleCount": 2500,
        "MinParticleVelocity": 0.316901386,
        "MaxParticleVelocity": 2.88732386
    },
    "Visualizer": {
        "ShowLines": false,
        "MeshLines": false,
        "LineColor": {
            "mode": {
                "value__": 0
            },
            "colorKeys": [
                {
                    "color": {
                        "r": 0.3063408136367798,
                        "g": 0.6062904596328735,
                        "b": 1.0,
                        "a": 1.0
                    },
                    "time": 0.0
                },
                {
                    "color": {
                        "r": 1.0,
                        "g": 1.0,
                        "b": 1.0,
                        "a": 1.0
                    },
                    "time": 0.9928587675094605
                }
            ],
            "alphaKeys": [
                {
                    "alpha": 1.0,
                    "time": 0.0
                },
                {
                    "alpha": 1.0,
                    "time": 1.0
                }
            ]
        },
        "LineWidth": 0.0199999996,
        "ConnectionDistance": 0.528169036,
        "StrongDistance": 0,
        "ShowTriangles": true,
        "TriangleFillOpacity": 0.0500000156,
        "ClearColor": {
            "r": 0.917827308177948,
            "g": 0.9500285983085632,
            "b": 1.0,
            "a": 0.02976752258837223
        },
        "AlphaCurve": {
            "keys": [
                {
                    "time": 0,
                    "value": 0,
                    "inTangent": 1.18008745,
                    "outTangent": 1.18008745,
                    "inWeight": 0,
                    "outWeight": 0.0393374749
                },
                {
                    "time": 1,
                    "value": 1,
                    "inTangent": 0.542459667,
                    "outTangent": 0.428191692,
                    "inWeight": 0.333333343,
                    "outWeight": 0
                }
            ]
        },
        "AlternateLineColor": false,
        "MinColorFadeDuration": 3,
        "MaxColorFadeDuration": 7
    },
    "Fragmentation": {
        "ShowCellBorders": false,
        "CellBorderColor": {
            "r": 1.0,
            "g": 0.0,
            "b": 0.0,
            "a": 0.4627451002597809
        },
        "ShowCells": false,
        "CellColor": {
            "r": 0.0,
            "g": 0.0,
            "b": 0.0,
            "a": 0.03837147355079651
        }
    }
}